command,mean,stddev,user,system,min,max
build/psearch_normal orange 10 input1.txt input2.txt input3.txt input4.txt input5.txt input6.txt input7.txt input8.txt input9.txt input10.txt output.txt,8.11919318717,0.227220112775697,7.78407393,0.328739875,7.66714966097,8.45633050897
build/psearch1a orange 10 input1.txt input2.txt input3.txt input4.txt input5.txt input6.txt input7.txt input8.txt input9.txt input10.txt output.txt,2.3077859804700003,0.08962163960177098,11.18560843,0.684669475,2.1093119789699997,2.39027764197
build/psearch1b orange 10 input1.txt input2.txt input3.txt input4.txt input5.txt input6.txt input7.txt input8.txt input9.txt input10.txt output.txt,2.4126201170699995,0.06514908139699807,0.0019521300000000003,0.00098191,2.33601949897,2.51108220097
build/psearch1c orange 10 input1.txt input2.txt input3.txt input4.txt input5.txt input6.txt input7.txt input8.txt input9.txt input10.txt output.txt,2.23688405927,0.04913930590169192,0.0014330300000000003,0.0010807649999999998,2.16814995497,2.32022663897
build/psearch2a orange 10 input1.txt input2.txt input3.txt input4.txt input5.txt input6.txt input7.txt input8.txt input9.txt input10.txt output.txt,2.4729832921700003,0.031795416588843696,12.21290673,0.6917330749999999,2.4182352199699997,2.53148518697
build/psearch2b orange 10 input1.txt input2.txt input3.txt input4.txt input5.txt input6.txt input7.txt input8.txt input9.txt input10.txt output.txt,2.3905615884699993,0.098648793169887,12.334024329999998,0.7131015749999998,2.23942999697,2.58427254797
build/psearch2c orange 10 input1.txt input2.txt input3.txt input4.txt input5.txt input6.txt input7.txt input8.txt input9.txt input10.txt output.txt,2.40883972577,0.05926248069383335,0.0009758300000000004,0.0015866975,2.31218820097,2.4972768519699997
build/psearch2d orange 10 input1.txt input2.txt input3.txt input4.txt input5.txt input6.txt input7.txt input8.txt input9.txt input10.txt output.txt,2.51952755987,0.07586510253253083,0.001654727,0.0010516875,2.4260721519699997,2.68081699997
build/psearch3 orange 10 input1.txt input2.txt input3.txt input4.txt input5.txt input6.txt input7.txt input8.txt input9.txt input10.txt output.txt,2.4585825787699997,0.047549652551064824,12.145736029999998,0.696799375,2.39707530797,2.53490367597
