command,mean,stddev,user,system,min,max
build/psearch_normal orange 5 input1.txt input2.txt input3.txt input4.txt input5.txt output.txt,4.02183247056,0.12822293296330387,3.849887955,0.168304615,3.8627068741599997,4.25343644016
build/psearch1a orange 5 input1.txt input2.txt input3.txt input4.txt input5.txt output.txt,1.2481413459600001,0.045770085732443316,5.294712755,0.357848615,1.2002192841600001,1.3458903931600001
build/psearch1b orange 5 input1.txt input2.txt input3.txt input4.txt input5.txt output.txt,1.2568683871600002,0.05698662098523695,0.0014368549999999997,0.0005804860000000001,1.2036775321600002,1.4097964631600002
build/psearch1c orange 5 input1.txt input2.txt input3.txt input4.txt input5.txt output.txt,1.1623076175600002,0.03750480876180976,0.001439455,0.000351786,1.1264743221600002,1.26077338016
build/psearch2a orange 5 input1.txt input2.txt input3.txt input4.txt input5.txt output.txt,1.3527467907600002,0.04167293533038469,5.634194255000001,0.367154815,1.2791867861600001,1.42244011216
build/psearch2b orange 5 input1.txt input2.txt input3.txt input4.txt input5.txt output.txt,1.33302090636,0.03950408376847325,5.627636754999999,0.358834815,1.27405152116,1.38909154516
build/psearch2c orange 5 input1.txt input2.txt input3.txt input4.txt input5.txt output.txt,1.3564505802600002,0.0486519814215504,0.001487755,0.0006779575,1.30171393816,1.4524229931600001
build/psearch2d orange 5 input1.txt input2.txt input3.txt input4.txt input5.txt output.txt,1.36536142726,0.040415660017786466,0.001337155,0.0009064575,1.30265425616,1.43058263316
build/psearch3 orange 5 input1.txt input2.txt input3.txt input4.txt input5.txt output.txt,1.30311816216,0.04722481577804495,5.674695455,0.373882115,1.25806069416,1.3996198481600002
